time,q1,q2,q3,q4,q5,q6,qdot1,qdot2,qdot3,qdot4,qdot5,qdot6,q_obs1,q_obs2,q_obs3,q_obs4,q_obs5,q_obs6,qdot_obs1,qdot_obs2,qdot_obs3,qdot_obs4,qdot_obs5,qdot_obs6,q_ref1,q_ref2,q_ref3,q_ref4,q_ref5,q_ref6,qdot_ref1,qdot_ref2,qdot_ref3,qdot_ref4,qdot_ref5,qdot_ref6,error1,error2,error3,error4,error5,error6,correction1,correction2,correction3,correction4,correction5,correction6,target1,target2,target3,target4,target5,target6,controller,error_norm,correction_norm,x,x_ref,x_error,y,y_ref,y_error,z,z_ref,z_error,cartesian_error_norm
0.0,0.0,0.0,0.0,0.0,0.0,0.0,0.0,0.0,0.0,0.0,0.0,0.0,0.0,0.0,0.0,0.0,0.0,0.0,0.0,0.0,0.0,0.0,0.0,0.0,0.0,0.0,-0.0,0.0,0.0,0.0,0.0,0.0,0.0,0.0,0.0,0.0,0.0,0.0,-0.0,0.0,0.0,0.0,0.0,0.0,0.0,0.0,0.0,0.0,0.0,0.0,-0.0,0.0,0.0,0.0,reference,0.0,0.0,2.95,2.95,0.0,0.0,0.0,0.0,0.0,0.0,0.0,0.0
0.05,0.0,0.0,0.0,0.0,0.0,0.0,0.0,0.0,-0.0,0.0,0.0,0.0,0.0,0.0,0.0,0.0,0.0,0.0,0.0,0.0,-0.0,0.0,0.0,0.0,0.00010091569086166766,0.02892789152947888,-0.0646931870979085,0.0359418980253018,0.0,0.0,0.005871086073417005,1.0443730810076965,-1.8813176916998173,0.40725687344709544,0.21248184701587589,0.08853410292328161,0.00010091569086166766,0.02892789152947888,-0.0646931870979085,0.0359418980253018,0.0,0.0,0.0,0.0,0.0,0.0,0.0,0.0,7.568676814625074e-05,0.02169591864710916,-0.048519890323431375,0.02695642351897635,0.0,0.0,reference,0.07945981111772256,0.0,2.95,2.949069976765266,-0.000930023234734012,0.0,0.00029760743511494475,0.00029760743511494475,0.0,0.0005208130114511534,0.0005208130114511534,0.001106688572037152
0.1,2.1024102262847432e-05,0.006026644068641434,-0.013477747312064274,0.007487895421937877,0.0,0.0,0.0004204820452569486,0.12053288137282867,-0.26955494624128545,0.14975790843875753,0.0,0.0,2.1024102262847432e-05,0.006026644068641434,-0.013477747312064274,0.007487895421937877,0.0,0.0,0.0004204820452569486,0.12053288137282867,-0.26955494624128545,0.14975790843875753,0.0,0.0,0.0007363358014313818,0.07885989429111698,-0.17459035740663206,0.09701904993836231,0.0,0.0,0.020722552787247998,1.3794781916582033,-2.4515303846963064,0.5389995099865686,0.2812171356451662,0.11717380651881927,0.0007153116991685344,0.07283325022247554,-0.1611126100945678,0.08953115451642443,0.0,0.0,0.0,0.0,0.0,0.0,0.0,0.0,0.0005711735431100991,0.06456890038011502,-0.1430727406358319,0.07950339333351583,0.0,0.0,reference,0.19818752425247357,0.0,2.9499596309322107,2.9432274869934085,-0.006732143938802171,6.202025296112838e-05,0.0021672041621092837,0.0021051839091481553,0.00010809115435300843,0.0037926072836912466,0.003684516129338238,0.007957965846335402
0.15000000000000002,0.00017384339138708403,0.022288381932939652,-0.04947635656866639,0.027492200397376196,0.0,0.0,0.003056385782484732,0.32523475728596435,-0.7199721851320423,0.4000860995087664,0.0,0.0,0.00017384339138708403,0.022288381932939652,-0.04947635656866639,0.027492200397376196,0.0,0.0,0.003056385782484732,0.32523475728596435,-0.7199721851320423,0.4000860995087664,0.0,0.0,0.0022632599354015463,0.13957147799629033,-0.30542010942961967,0.16980931222841336,0.0,0.0,0.04100365890581174,1.571212183892995,-2.748708642453304,0.6168321005345846,0.32182544375717453,0.13409393489882274,0.002089416544014462,0.11728309606335068,-0.2559437528609533,0.14231711183103718,0.0,0.0,0.0,0.0,0.0,0.0,0.0,0.0,0.0018402383373286844,0.1208208335922465,-0.26483326723117273,0.147232832504689,0.0,0.0,reference,0.31546957893301886,0.0,2.949455870337983,2.92928206854634,-0.020173801791643076,0.0005127434164113945,0.006629738065171356,0.006116994648759961,0.0008886960136645163,0.011602041614049874,0.010713345600385357,0.023646895699325012
0.2,0.0006367308763708619,0.04965850739385823,-0.10929772064158483,0.06075348709385198,0.0,0.0,0.009257749699675558,0.5474025092183714,-1.1964272814583685,0.6652257339295156,0.0,0.0,0.0006367308763708619,0.04965850739385823,-0.10929772064158483,0.06075348709385198,0.0,0.0,0.009257749699675558,0.5474025092183714,-1.1964272814583685,0.6652257339295156,0.0,0.0,0.004879619310798741,0.20669419209834117,-0.4467848607177425,0.24862976097362297,0.0,0.0,0.06387722465802204,1.676085381149983,-2.8836276917148727,0.6633206221667309,0.3460803246087292,0.14420013525363717,0.004242888434427879,0.15703568470448293,-0.33748714007615765,0.187876273879771,0.0,0.0,0.0,0.0,0.0,0.0,0.0,0.0,0.004119774067431227,0.1852258524718175,-0.4012969623461,0.22328052885638947,0.0,0.0,reference,0.4169811415119436,0.0,2.947343645636867,2.905691312575844,-0.04165233306102323,0.0018766649560688466,0.014178779975729956,0.012302115019661108,0.003236423148726712,0.024812864957527426,0.021576441808800716,0.04849537838301649
0.25,0.0016042428738876299,0.08731610324884692,-0.16929772064158483,0.10589988758344573,0.0,0.0,0.01935023995033536,0.7531519170997737,-1.2,0.9029280097918749,0.0,0.0,0.0016042428738876299,0.08731610324884692,-0.16929772064158483,0.10589988758344573,0.0,0.0,0.01935023995033536,0.7531519170997737,-1.2,0.9029280097918749,0.0,0.0,0.008655424023126653,0.27721218607508763,-0.5918586612148801,0.3297921198591592,0.0,0.0,0.08702755805793934,1.7160344634235438,-2.9024819987342254,0.6869527396848464,0.35841012505296327,0.14933755210540142,0.007051181149239024,0.1898960828262407,-0.42256094057329524,0.22389223227571345,0.0,0.0,0.0,0.0,0.0,0.0,0.0,0.0,0.007521511534202796,0.2542156026742701,-0.5442182364976851,0.3031642221084668,0.0,0.0,reference,0.5145830560754404,0.0,2.943170761859443,2.8723073168636,-0.07086344499584296,0.004721564771813608,0.024861658603648116,0.02014009383183451,0.04919673026691261,0.043507902556384204,-0.005688827710528407,0.07388920067881391
0.30000000000000004,0.0032479286128640652,0.13367707531146447,-0.22929772064158482,0.16069553606261824,0.0,0.0,0.032873714779528704,0.9272194412523511,-1.2,1.0959129695834502,0.0,0.0,0.0032479286128640652,0.13367707531146447,-0.22929772064158482,0.16069553606261824,0.0,0.0,0.032873714779528704,0.9272194412523511,-1.2,1.0959129695834502,0.0,0.0,0.013553560965013959,0.34869309077175975,-0.7355274062100713,0.4105478749774834,0.0,0.0,0.10845412303308685,1.7022964227005117,-2.830722007829026,0.6914578050793508,0.360760593954444,0.15031691414768497,0.010305632352149893,0.21501601546029528,-0.5062296855684865,0.24985233891486516,0.0,0.0,0.0,0.0,0.0,0.0,0.0,0.0,0.012045548607311168,0.32507371874738733,-0.6877001137819747,0.38370196176022925,0.0,0.0,reference,0.6041794259775791,0.0,2.934974381803041,2.830123139161197,-0.10485124264184398,0.009532620792704912,0.038360595468416914,0.028827974675712,0.13168262501941289,0.0671310420697296,-0.06455158294968329,0.12645845985442086
0.35000000000000003,0.0056917119446549275,0.18684280959922084,-0.2892977206415848,0.22069553606261824,0.0,0.0,0.04887566663581724,1.063314685755127,-1.2,1.2,0.0,0.0,0.0056917119446549275,0.18684280959922084,-0.2892977206415848,0.22069553606261824,0.0,0.0,0.04887566663581724,1.063314685755127,-1.2,1.2,0.0,0.0,0.019441442877705464,0.4190211297772869,-0.8736986011410541,0.4886847373909568,0.0,0.0,0.12632013217881172,1.6417367658082556,-2.684895991452923,0.6783660599546426,0.35393011823720477,0.14747088259883534,0.013749730933050536,0.23217832017806606,-0.5844008804994694,0.2679892013283386,0.0,0.0,0.0,0.0,0.0,0.0,0.0,0.0,0.017592469310106888,0.395534277019812,-0.8271989793012842,0.4624390434832749,0.0,0.0,reference,0.6836946896229308,0.0,2.9203235435682524,2.781019250530159,-0.13930429303809344,0.016621819886764304,0.054073839830349135,0.03745201994358483,0.23959707173534384,0.09462921970311099,-0.14496785203223284,0.20450921245640022
0.4,0.008997477879502695,0.24481266166049614,-0.3492977206415848,0.2806955360626182,0.0,0.0,0.06611531869695533,1.1593970412255064,-1.2,1.2,0.0,0.0,0.008997477879502695,0.24481266166049614,-0.3492977206415848,0.2806955360626182,0.0,0.0,0.06611531869695533,1.1593970412255064,-1.2,1.2,0.0,0.0,0.02609729748846851,0.4862875024920573,-1.0029901776727164,0.5623360597133231,0.0,0.0,0.13889452198553412,1.539392215422855,-2.4774066857969723,0.6481574570124778,0.3381691080065101,0.14090379500271255,0.017099819608965817,0.24147484083156118,-0.6536924570311315,0.2816405236507049,0.0,0.0,0.0,0.0,0.0,0.0,0.0,0.0,0.023971090443878105,0.463599196123996,-0.9590423780798584,0.537361805655811,0.0,0.0,reference,0.7518229283062123,0.0,2.8978948885917672,2.727509988681959,-0.17038489990980832,0.026074448776620626,0.07119680362177319,0.04512235484515256,0.36053353511483394,0.12459440633810309,-0.23593912877673084,0.2945068989208403
0.45,0.01315681470294031,0.30481266166049614,-0.4092977206415848,0.3406955360626182,0.0,0.0,0.08318673646875228,1.2,-1.2,1.2,0.0,0.0,0.01315681470294031,0.30481266166049614,-0.4092977206415848,0.3406955360626182,0.0,0.0,0.08318673646875228,1.2,-1.2,1.2,0.0,0.0,0.03321641385066505,0.54875350217385,-1.12058982186605,0.6298890524044829,0.0,0.0,0.14461128836038573,1.3998525868573857,-2.218943795995466,0.6010245349454516,0.3135780182324094,0.13065750759683728,0.020059599147724743,0.24394084051335385,-0.7112921012244651,0.2891935163418647,0.0,0.0,0.0,0.0,0.0,0.0,0.0,0.0,0.030905082998968315,0.5274649256613865,-1.080202960919502,0.606757240717315,0.0,0.0,reference,0.8059025154116446,0.0,2.8673586667276405,2.6724900113180414,-0.19486865540959908,0.03772748358822921,0.08880319637822685,0.051075712789997646,0.48580146198602775,0.15540559366189702,-0.3303958683241307,0.38696763573173365
0.5,0.018086889229614756,0.36481266166049614,-0.4692977206415848,0.4006955360626182,0.0,0.0,0.09860149053348892,1.2,-1.2,1.2,0.0,0.0,0.018086889229614756,0.36481266166049614,-0.4692977206415848,0.4006955360626182,0.0,0.0,0.09860149053348892,1.2,-1.2,1.2,0.0,0.0,0.04042353395061692,0.6048600836524936,-1.2242085072681788,0.6899527889150204,0.0,0.0,0.14225588841415399,1.2282033057649282,-1.91994329722703,0.5375235458146018,0.28044706738153147,0.11685294474230476,0.022336644721002167,0.2400474219919974,-0.7549107866265939,0.2892572528524022,0.0,0.0,0.0,0.0,0.0,0.0,0.0,0.0,0.03804392121270477,0.5855112941547168,-1.1882071206810096,0.6691539018655941,0.0,0.0,reference,0.8436123188973106,0.0,2.829281826573403,2.6189807494698414,-0.2103010771035616,0.051178487886109264,0.10592616016965088,0.05474767228354162,0.6090207485529713,0.18537078029688905,-0.42364996825608225,0.4761335382587155
0.55,0.023630509224917537,0.42481266166049614,-0.5292977206415848,0.4606955360626182,0.0,0.0,0.11087239990605564,1.2,-1.2,1.2,0.0,0.0,0.023630509224917537,0.42481266166049614,-0.5292977206415848,0.4606955360626182,0.0,0.0,0.11087239990605564,1.2,-1.2,1.2,0.0,0.0,0.04729747496107064,0.6532740940935092,-1.3120939622266568,0.741371555946246,0.0,0.0,0.1312622921410152,1.0307679978948354,-1.5915835490976693,0.4591758170998575,0.2395699915303604,0.09982082980431682,0.023666965736153102,0.2284614324330131,-0.782796241585072,0.28067601988362784,0.0,0.0,0.0,0.0,0.0,0.0,0.0,0.0,0.04498408652397917,0.6363333941088112,-1.281122251840245,0.7233171424260831,0.0,0.0,reference,0.8627303955199037,0.0,2.7837844755094245,2.569876860838803,-0.21390761467062136,0.06579449175388766,0.12163940453158308,0.05584491277769542,0.7297479384448852,0.2128689579302704,-0.5168789805146148,0.5621734629054016
0.6000000000000001,0.029562058474656882,0.483568420673917,-0.5892977206415848,0.5206955360626182,0.0,0.0,0.11863098499478687,1.175115180268417,-1.2,1.2,0.0,0.0,0.029562058474656882,0.483568420673917,-0.5892977206415848,0.5206955360626182,0.0,0.0,0.11863098499478687,1.175115180268417,-1.2,1.2,0.0,0.0,0.05341227084749064,0.69296633608093,-1.3830887804033636,0.7832790663480376,0.0,0.0,0.11206320129505153,0.8157642823991108,-1.2466222789365016,0.3690041902560804,0.19252392535099844,0.08021830222958268,0.023850212372833756,0.20939791540701297,-0.7937910597617788,0.26258353028541936,0.0,0.0,0.0,0.0,0.0,0.0,0.0,0.0,0.05130522476661277,0.6788081005879003,-1.3575971482625837,0.768288585367549,0.0,0.0,reference,0.8622474566746563,0.0,2.7320793319310512,2.5276926831364004,-0.20438664879465085,0.08078942471067606,0.13513834139635195,0.05434891668567589,0.844148347450338,0.2364920974436159,-0.6076562500067221,0.6434079771984852
0.65,0.035601826889089076,0.5378016650944679,-0.6492977206415849,0.5806955360626183,0.0,0.0,0.12079536828864383,1.0846648884110186,-1.2,1.2,0.0,0.0,0.035601826889089076,0.5378016650944679,-0.6492977206415849,0.5806955360626183,0.0,0.0,0.12079536828864383,1.0846648884110186,-1.2,1.2,0.0,0.0,0.05839511103059201,0.7233192094740872,-1.4367325990846376,0.8151938459531106,0.0,0.0,0.08639192455821866,0.5939821884819247,-0.900376278533483,0.27197362679409004,0.14189928354474263,0.0591247014769761,0.02279328414150293,0.18551754437961931,-0.7874348784430527,0.23449830989049236,0.0,0.0,0.0,0.0,0.0,0.0,0.0,0.0,0.056622639464597196,0.7121914322525406,-1.4169487363791242,0.8034675308067203,0.0,0.0,reference,0.8426027760485495,0.0,2.6778915835951103,2.494308687424156,-0.18358289617095425,0.09537813293809207,0.14582122002427006,0.05044308708617799,0.9432353530817488,0.25518713504247265,-0.6880482180392762,0.7139030292331883
0.7000000000000001,0.04144094149339689,0.5862432670828215,-0.7092977206415849,0.6406955360626183,0.0,0.0,0.11678229208615623,0.9688320397670702,-1.2,1.2,0.0,0.0,0.04144094149339689,0.5862432670828215,-0.7092977206415849,0.6406955360626183,0.0,0.0,0.11678229208615623,0.9688320397670702,-1.2,1.2,0.0,0.0,0.061995632474515755,0.7442656354696916,-1.473423808961247,0.8371591620143756,0.0,0.0,0.0574156948996971,0.37962503117398066,-0.5721784778177273,0.17533014464507807,0.09147659720612768,0.03811524883588654,0.020554690981118867,0.15802236838687012,-0.7641260883196621,0.19646362595175726,0.0,0.0,0.0,0.0,0.0,0.0,0.0,0.0,0.060652384222036115,0.7362470846654039,-1.4593050408157164,0.8287362542124618,0.0,0.0,reference,0.8049100567173608,0.0,2.6240579545201252,2.4707179314536605,-0.15334002306646477,0.10880572519741132,0.15337026193482878,0.04456453673741746,1.024096566452101,0.2683979583859504,-0.7556986080661505,0.7723856205560549
0.75,0.04677745336246334,0.6279109941890944,-0.769297720641585,0.6929290688820193,0.0,0.0,0.10673023738132904,0.8333545421254579,-1.2,1.0446706563880193,0.0,0.0,0.04677745336246334,0.6279109941890944,-0.769297720641585,0.6929290688820193,0.0,0.0,0.10673023738132904,0.8333545421254579,-1.2,1.0446706563880193,0.0,0.0,0.06415579413956388,0.7564667553732702,-1.4946721107237648,0.8499337487701568,0.0,0.0,0.02961914335886261,0.19144706071082018,-0.287584838790352,0.08887320783424714,0.046368630174389816,0.019320262572662422,0.017378340777100536,0.1285557611841759,-0.7253743900821799,0.1570046798881375,0.0,0.0,0.0,0.0,0.0,0.0,0.0,0.0,0.06327994166018194,0.7514118376963037,-1.4858303432467528,0.844634375130733,0.0,0.0,reference,0.7534235633132792,0.0,2.5779256553849796,2.456772513006591,-0.1211531423783887,0.1206768288280375,0.15783279583789095,0.03715596700985345,1.0773243036957547,0.2762073927163092,-0.8011169109794456,0.8110776503207596
0.8,0.0513614778896074,0.6622167840522081,-0.829297720641585,0.7350694317288843,0.0,0.0,0.09168049054288113,0.6861157972622742,-1.2,0.8428072569372984,0.0,0.0,0.0513614778896074,0.6622167840522081,-0.829297720641585,0.7350694317288843,0.0,0.0,0.09168049054288113,0.6861157972622742,-1.2,0.8428072569372984,0.0,0.0,0.06506793048115601,0.7615402160519794,-1.503480618505361,0.8552416227408531,0.0,0.0,0.008464216306005872,0.05419699605587323,-0.08129830524170914,0.025213236023779912,0.01315473183849387,0.00548113826603911,0.013706452591548617,0.09932343199977134,-0.674182897863776,0.12017219101196885,0.0,0.0,0.0,0.0,0.0,0.0,0.0,0.0,0.0646209332759125,0.7590081214630604,-1.499068049690709,0.8525898108383232,0.0,0.0,reference,0.6921105014746369,0.0,2.54356448109422,2.4509300232347346,-0.09263445785948532,0.13075622945506707,0.15970239256488497,0.028946163109817902,1.100450958704832,0.27947918698854873,-0.8209717717162832,0.8266883772599407
0.8500000000000001,0.05504465994135882,0.6891032666663337,-0.8892977206415851,0.7677139814815062,0.0,0.0,0.07366364103502838,0.537729652282513,-1.2,0.6528909950524384,0.0,0.0,0.05504465994135882,0.6891032666663337,-0.8892977206415851,0.7677139814815062,0.0,0.0,0.07366364103502838,0.537729652282513,-1.2,0.6528909950524384,0.0,0.0,0.06521351816716534,0.762345782313106,-1.5048777792366717,0.8560841983717511,0.0,0.0,0.0,0.0,0.0,0.0,0.0,0.0,0.010168858225806515,0.07324251564677231,-0.6155800585950866,0.08837021689024493,0.0,0.0,0.0,0.0,0.0,0.0,0.0,0.0,0.06506537194435214,0.7615113671005946,-1.5034253468501808,0.8552106014883941,0.0,0.0,reference,0.6262714870956871,0.0,2.5217361643690963,2.45,-0.07173616436909613,0.1389484719851269,0.16,0.021051528014873117,1.0949307908106396,0.28,-0.8149307908106396,0.8183528810491262
0.9,0.057828191053301406,0.7092166278980728,-0.9492977206415851,0.7920185981500861,0.0,0.0,0.055670622238851754,0.402267224634783,-1.2,0.4860923333715998,0.0,0.0,0.057828191053301406,0.7092166278980728,-0.9492977206415851,0.7920185981500861,0.0,0.0,0.055670622238851754,0.402267224634783,-1.2,0.4860923333715998,0.0,0.0,0.06521351816716534,0.762345782313106,-1.5048777792366717,0.8560841983717511,0.0,0.0,0.0,0.0,0.0,0.0,0.0,0.0,0.007385327113863929,0.053129154415033186,-0.5555800585950865,0.06406560022166496,0.0,0.0,0.0,0.0,0.0,0.0,0.0,0.0,0.06517648161146203,0.7621371785099782,-1.5045146711400488,0.8558657991509119,0.0,0.0,reference,0.5618281345266692,0.0,2.510959665693169,2.45,-0.06095966569316902,0.1453663312454624,0.16,0.014633668754537615,1.0640030966129403,0.28,-0.7840030966129403,0.7865056138396723
0.9500000000000001,0.05986938287501269,0.7239167808458243,-1.0092977206415852,0.8097539317614266,0.0,0.0,0.04082383643422568,0.2940030589550299,-1.2,0.35470667222680974,0.0,0.0,0.05986938287501269,0.7239167808458243,-1.0092977206415852,0.8097539317614266,0.0,0.0,0.04082383643422568,0.2940030589550299,-1.2,0.35470667222680974,0.0,0.0,0.06521351816716534,0.762345782313106,-1.5048777792366717,0.8560841983717511,0.0,0.0,0.0,0.0,0.0,0.0,0.0,0.0,0.005344135292152642,0.038429001467281676,-0.49558005859508647,0.046330266610324466,0.0,0.0,0.0,0.0,0.0,0.0,0.0,0.0,0.06520425902823951,0.7622936313623241,-1.5047870022125158,0.8560295985665413,0.0,0.0,reference,0.4992508748285638,0.0,2.5078434206635305,2.45,-0.05784342066353032,0.15032268356059728,0.16,0.009677316439402728,1.0128767537922005,0.28,-0.7328767537922005,0.7352195916979635
1.0,0.0613512929175757,0.7345770171004076,-1.0692977206415852,0.8226082836517362,0.0,0.0,0.029638200851260087,0.2132047250916653,-1.2,0.2570870378061924,0.0,0.0,0.0613512929175757,0.7345770171004076,-1.0692977206415852,0.8226082836517362,0.0,0.0,0.029638200851260087,0.2132047250916653,-1.2,0.2570870378061924,0.0,0.0,0.06521351816716534,0.762345782313106,-1.5048777792366717,0.8560841983717511,0.0,0.0,0.0,0.0,0.0,0.0,0.0,0.0,0.0038622252495896375,0.027768765212698443,-0.4355800585950864,0.03347591472001488,0.0,0.0,0.0,0.0,0.0,0.0,0.0,0.0,0.06521120338243389,0.7623327445754104,-1.5048550849806326,0.8560705484204486,0.0,0.0,reference,0.4377632298598834,0.0,2.508810842819958,2.45,-0.05881084281995763,0.1541121958962807,0.16,0.005887804103719307,0.9465441339985072,0.28,-0.6665441339985072,0.669159520621337
